Product Number,Company,Details,Price,Rating,Number of Ratings & Reviews,Link
1,PUMA,Hustle V2 IDP Casuals For Men,"₹2,050",4.1,"1,73,083 ratings and 13,793 reviews",https://www.flipkart.com/puma-hustle-v2-idp-casuals-men/p/itm6c935fe19e8ba?pid=SHOG4JEYSCTZ7CF9&lid=LSTSHOG4JEYSCTZ7CF9R6Q8IX&marketplace=FLIPKART&q=puma+shoes&store=osp&srno=s_1_7&otracker=search&otracker1=search&fm=organic&iid=ae496d4e-9be2-4ef8-8ce9-70c57b46c647.SHOG4JEYSCTZ7CF9.SEARCH&ppt=None&ppn=None&ssid=h83az8gkvk0000001741790470129&qH=12daa41359850f83
2,PUMA,Zod Runner V3 IDP Casuals For Men,"₹1,007",4.1,"2,92,741 ratings and 24,087 reviews",https://www.flipkart.com/puma-zod-runner-v3-idp-casuals-men/p/itm3012b84405821?pid=SHOFUFGSYPNG8ZJX&lid=LSTSHOFUFGSYPNG8ZJX12FJTU&marketplace=FLIPKART&q=puma+shoes&store=osp&srno=s_1_9&otracker=search&otracker1=search&fm=organic&iid=ae496d4e-9be2-4ef8-8ce9-70c57b46c647.SHOFUFGSYPNG8ZJX.SEARCH&ppt=None&ppn=None&ssid=h83az8gkvk0000001741790470129&qH=12daa41359850f83
3,PUMA,Puma Dryflex IDP Running Shoes For Men,"₹1,700",3.9,"8,690 ratings and 828 reviews",https://www.flipkart.com/puma-dryflex-idp-running-shoes-men/p/itmdca516a8754f6?pid=SHOFNU2WBBFAGQNS&lid=LSTSHOFNU2WBBFAGQNSSSWARZ&marketplace=FLIPKART&q=puma+shoes&store=osp&srno=s_1_14&otracker=search&otracker1=search&fm=organic&iid=ae496d4e-9be2-4ef8-8ce9-70c57b46c647.SHOFNU2WBBFAGQNS.SEARCH&ppt=None&ppn=None&ssid=h83az8gkvk0000001741790470129&qH=12daa41359850f83
4,PUMA,Puma Rungryp Sneakers For Men,"₹1,007",4.1,"42,556 ratings and 2,789 reviews",https://www.flipkart.com/puma-rungryp-sneakers-men/p/itm7b4744135bc9c?pid=SHOGQAZDZPHFMMAG&lid=LSTSHOGQAZDZPHFMMAGGYJWCX&marketplace=FLIPKART&q=puma+shoes&store=osp&srno=s_1_20&otracker=search&otracker1=search&fm=organic&iid=ae496d4e-9be2-4ef8-8ce9-70c57b46c647.SHOGQAZDZPHFMMAG.SEARCH&ppt=None&ppn=None&ssid=h83az8gkvk0000001741790470129&qH=12daa41359850f83
5,PUMA,Dwane IDP Casuals For Men,"₹1,650",4.2,"1,10,177 ratings and 11,365 reviews",https://www.flipkart.com/puma-dwane-idp-casuals-men/p/itmfhusefmarjjgz?pid=SHOFHURJZKZG5DAF&lid=LSTSHOFHURJZKZG5DAF8ZMHZL&marketplace=FLIPKART&q=puma+shoes&store=osp&srno=s_1_24&otracker=search&otracker1=search&fm=organic&iid=ae496d4e-9be2-4ef8-8ce9-70c57b46c647.SHOFHURJZKZG5DAF.SEARCH&ppt=None&ppn=None&ssid=h83az8gkvk0000001741790470129&qH=12daa41359850f83
6,PUMA,Puma Alfarun Hyperwave Sneakers For Men,"₹1,485",4.1,"2,507 ratings and 162 reviews",https://www.flipkart.com/puma-alfarun-hyperwave-sneakers-men/p/itma0cc33b0b33cc?pid=SHOGVCWKUWUYXBZB&lid=LSTSHOGVCWKUWUYXBZBP8WEZT&marketplace=FLIPKART&q=puma+shoes&store=osp&srno=s_1_26&otracker=search&otracker1=search&fm=organic&iid=ae496d4e-9be2-4ef8-8ce9-70c57b46c647.SHOGVCWKUWUYXBZB.SEARCH&ppt=None&ppn=None&ssid=h83az8gkvk0000001741790470129&qH=12daa41359850f83
7,PUMA,Dwane IDP Casuals For Men,"₹1,007",4.2,"1,10,177 ratings and 11,365 reviews",https://www.flipkart.com/puma-dwane-idp-casuals-men/p/itmfhusedzvdjwhe?pid=SHOFHURGMTVQ7CVW&lid=LSTSHOFHURGMTVQ7CVWJ1CUUD&marketplace=FLIPKART&q=puma+shoes&store=osp&srno=s_1_29&otracker=search&otracker1=search&fm=organic&iid=ae496d4e-9be2-4ef8-8ce9-70c57b46c647.SHOFHURGMTVQ7CVW.SEARCH&ppt=None&ppn=None&ssid=h83az8gkvk0000001741790470129&qH=12daa41359850f83
8,PUMA,Fire run Running Shoes For Men,"₹2,255",4,"12,577 ratings and 902 reviews",https://www.flipkart.com/puma-fire-run-running-shoes-men/p/itmb8344ec58d9b3?pid=SHOG8VF7JGXBXDXD&lid=LSTSHOG8VF7JGXBXDXD5AJWCL&marketplace=FLIPKART&q=puma+shoes&store=osp&srno=s_1_36&otracker=search&otracker1=search&fm=organic&iid=ae496d4e-9be2-4ef8-8ce9-70c57b46c647.SHOG8VF7JGXBXDXD.SEARCH&ppt=None&ppn=None&ssid=h83az8gkvk0000001741790470129&qH=12daa41359850f83
9,PUMA,Propelix Sneakers For Men,"₹1,007",4.1,"1,113 ratings and 86 reviews",https://www.flipkart.com/puma-propelix-sneakers-men/p/itm0bbc5a2266fb4?pid=SHOHFYRG3SHDYNTK&lid=LSTSHOHFYRG3SHDYNTKOPKI2Q&marketplace=FLIPKART&q=puma+shoes&store=osp&srno=s_2_43&otracker=search&otracker1=search&fm=organic&iid=7ef0dbde-b977-4b72-b00f-4b1ebc35e020.SHOHFYRG3SHDYNTK.SEARCH&ppt=None&ppn=None&ssid=7uxj2xygww0000001741790474792&qH=12daa41359850f83
10,PUMA,Vis2K Casuals For Men,"₹3,440",4.3,300 ratings and 25 reviews,https://www.flipkart.com/puma-vis2k-casuals-men/p/itm858af984afbf9?pid=SHOHFYR4H4VDDRZZ&lid=LSTSHOHFYR4H4VDDRZZIE1STM&marketplace=FLIPKART&q=puma+shoes&store=osp&srno=s_2_45&otracker=search&otracker1=search&fm=organic&iid=7ef0dbde-b977-4b72-b00f-4b1ebc35e020.SHOHFYR4H4VDDRZZ.SEARCH&ppt=None&ppn=None&ssid=7uxj2xygww0000001741790474792&qH=12daa41359850f83
11,PUMA,Zod Runner V3 IDP Casuals For Men,"₹1,007",4.1,"2,92,741 ratings and 24,087 reviews",https://www.flipkart.com/puma-zod-runner-v3-idp-casuals-men/p/itm04496c8966af0?pid=SHOFUFGSQG3GVV8K&lid=LSTSHOFUFGSQG3GVV8KM8NQSE&marketplace=FLIPKART&q=puma+shoes&store=osp&srno=s_2_49&otracker=search&otracker1=search&fm=organic&iid=7ef0dbde-b977-4b72-b00f-4b1ebc35e020.SHOFUFGSQG3GVV8K.SEARCH&ppt=None&ppn=None&ssid=7uxj2xygww0000001741790474792&qH=12daa41359850f83
12,PUMA,Hypnotic Sneakers For Men,"₹5,249",4.2,600 ratings and 29 reviews,https://www.flipkart.com/puma-hypnotic-sneakers-men/p/itm60e7ab51081cc?pid=SHOGYBGDNDHYSMKN&lid=LSTSHOGYBGDNDHYSMKNLUCPPI&marketplace=FLIPKART&q=puma+shoes&store=osp&srno=s_2_55&otracker=search&otracker1=search&fm=organic&iid=7ef0dbde-b977-4b72-b00f-4b1ebc35e020.SHOGYBGDNDHYSMKN.SEARCH&ppt=None&ppn=None&ssid=7uxj2xygww0000001741790474792&qH=12daa41359850f83
13,ADIDAS,GlideEase M Running Shoes For Men,"₹1,514",4.1,"46,212 ratings and 3,421 reviews",https://www.flipkart.com/adidas-glideease-m-running-shoes-men/p/itmc8340026ad1b5?pid=SHOGFFYSJCVPUCZC&lid=LSTSHOGFFYSJCVPUCZCVKLB6Z&marketplace=FLIPKART&q=puma+shoes&store=osp&srno=s_2_57&otracker=search&otracker1=search&fm=organic&iid=en_DlCWoaQVwNm47-yf00rORZfZYLA2gibUQdfa6WTxMRJjD3EUA5B4xueAf5aFYhJtSN-lKwjwgraD53kB-vLGKA%3D%3D&ppt=None&ppn=None&ssid=7uxj2xygww0000001741790474792&qH=12daa41359850f83
14,PUMA,Coarse Sneakers For Men,"₹2,799",4.1,"5,983 ratings and 349 reviews",https://www.flipkart.com/puma-coarse-sneakers-men/p/itm3e0d4449877d8?pid=SHOGMYD2GNHG3HNW&lid=LSTSHOGMYD2GNHG3HNWQTGRZC&marketplace=FLIPKART&q=puma+shoes&store=osp&srno=s_2_61&otracker=search&otracker1=search&fm=organic&iid=en_DlCWoaQVwNm47-yf00rORZfZYLA2gibUQdfa6WTxMRJDAtVoCB2iBzMYAjr-BIC0TWUxhNJvYoh4Fkg6-c_T8A%3D%3D&ppt=None&ppn=None&ssid=7uxj2xygww0000001741790474792&qH=12daa41359850f83
15,PUMA,BMW Motorsport Drift Cat 5 Ultra Motorsport Shoes For Men,"₹1,850",4.3,"1,689 ratings and 166 reviews",https://www.flipkart.com/puma-bmw-motorsport-drift-cat-5-ultra-shoes-men/p/itmfcytwzstvsznj?pid=SHOFCYGKK3YZYZSM&lid=LSTSHOFCYGKK3YZYZSMXLPWA0&marketplace=FLIPKART&q=puma+shoes&store=osp&srno=s_2_71&otracker=search&otracker1=search&fm=organic&iid=en_DlCWoaQVwNm47-yf00rORZfZYLA2gibUQdfa6WTxMRKOE9WRWQE2r8e9KXA4MsXPAYEP1Pmi57ACg_NBFZP30kKsf8s6I2Oz2HOgbXTo_9U%3D&ppt=None&ppn=None&ssid=7uxj2xygww0000001741790474792&qH=12daa41359850f83
16,PUMA,Foam Stride Sneakers For Men,"₹3,800",3.9,"8,010 ratings and 534 reviews",https://www.flipkart.com/puma-foam-stride-sneakers-men/p/itm3fbc1defc5ec1?pid=SHOGMYD3QGYZ8KGB&lid=LSTSHOGMYD3QGYZ8KGBOKCDKO&marketplace=FLIPKART&q=puma+shoes&store=osp&srno=s_2_75&otracker=search&otracker1=search&fm=organic&iid=7ef0dbde-b977-4b72-b00f-4b1ebc35e020.SHOGMYD3QGYZ8KGB.SEARCH&ppt=None&ppn=None&ssid=7uxj2xygww0000001741790474792&qH=12daa41359850f83
17,REEBOK,Mercedes-AMG Petronas F1 Neo Cat 2.0 Casuals For Men,"₹1,455",4.3,"1,697 ratings and 93 reviews",https://www.flipkart.com/puma-mercedes-amg-petronas-f1-neo-cat-2-0-casuals-men/p/itm9eb478d25e185?pid=SHOHFYQPEAJTYTMB&lid=LSTSHOHFYQPEAJTYTMBLOQWLV&marketplace=FLIPKART&q=puma+shoes&store=osp&srno=s_2_79&otracker=search&otracker1=search&fm=organic&iid=7ef0dbde-b977-4b72-b00f-4b1ebc35e020.SHOHFYQPEAJTYTMB.SEARCH&ppt=None&ppn=None&ssid=7uxj2xygww0000001741790474792&qH=12daa41359850f83
18,PUMA,School sport 2.0 M Running Shoes For Men,"₹3,040",4.2,598 ratings and 57 reviews,https://www.flipkart.com/reebok-school-sport-2-0-m-running-shoes-men/p/itmc570636aeff8a?pid=SHOGHXXF3GJ44H2T&lid=LSTSHOGHXXF3GJ44H2TZ1W2L9&marketplace=FLIPKART&q=puma+shoes&store=osp&srno=s_3_88&otracker=search&otracker1=search&fm=organic&iid=en_liNhKmr-NUAMpGsmqmaK8IiUOFO6-xKwG5lWpWvdALv2399HCviUz_biFVGwlTOAiP8tjsICnk7UK32vpjOV1Q%3D%3D&ppt=None&ppn=None&ssid=vhw5r1tzi80000001741790479790&qH=12daa41359850f83
19,PUMA,Dwane IDP Casuals For Men,"₹2,699",4.2,"1,10,177 ratings and 11,365 reviews",https://www.flipkart.com/puma-dwane-idp-casuals-men/p/itmfhusexszywwkc?pid=SHOFHURJVE2GBXHH&lid=LSTSHOFHURJVE2GBXHHYGGLCE&marketplace=FLIPKART&q=puma+shoes&store=osp&srno=s_3_96&otracker=search&otracker1=search&fm=organic&iid=f24fbec8-856a-4d7d-9133-f0330d7b6c6e.SHOFHURJVE2GBXHH.SEARCH&ppt=None&ppn=None&ssid=vhw5r1tzi80000001741790479790&qH=12daa41359850f83
20,REEBOK,COMFORT WANDRER M Walking Shoes For Men,"₹1,764",4.1,941 ratings and 78 reviews,https://www.flipkart.com/reebok-comfort-wandrer-m-walking-shoes-men/p/itm671fa9cb64854?pid=SHOGEUFGQYQ6PUQY&lid=LSTSHOGEUFGQYQ6PUQYUAYRJ6&marketplace=FLIPKART&q=puma+shoes&store=osp&srno=s_3_97&otracker=search&otracker1=search&fm=organic&iid=en_liNhKmr-NUAMpGsmqmaK8IiUOFO6-xKwG5lWpWvdALt8DGBR9AdDU8tTv3H4OXDji9XpfwA-RF5vPb5mlArERA%3D%3D&ppt=None&ppn=None&ssid=vhw5r1tzi80000001741790479790&qH=12daa41359850f83
21,ADIDAS,FAIR WEATHER 2.0 M Training & Gym Shoes For Men,"₹1,740",No Rating,No Reviews,https://www.flipkart.com/reebok-fair-weather-2-0-m-training-gym-shoes-men/p/itm17858c0fb111b?pid=SHOH8P6PKNWETHGD&lid=LSTSHOH8P6PKNWETHGDMQ3OVT&marketplace=FLIPKART&q=puma+shoes&store=osp&srno=s_3_102&otracker=search&otracker1=search&fm=organic&iid=en_liNhKmr-NUAMpGsmqmaK8IiUOFO6-xKwG5lWpWvdALtkEyzqUjuj7JQwdhBQuvihCeP56GRwj6DlnX5GLDCkAE4IsYyWu-Pj9cxFjFAoaLk%3D&ppt=None&ppn=None&ssid=vhw5r1tzi80000001741790479790&qH=12daa41359850f83
22,PUMA,Coarse Sneakers For Men,"₹1,260",4.1,"5,983 ratings and 349 reviews",https://www.flipkart.com/puma-coarse-sneakers-men/p/itm3e0d4449877d8?pid=SHOGMYD2GNHG3HNW&lid=LSTSHOGMYD2GNHG3HNWQTGRZC&marketplace=FLIPKART&q=puma+shoes&store=osp&srno=s_3_107&otracker=search&otracker1=search&fm=organic&iid=en_liNhKmr-NUAMpGsmqmaK8IiUOFO6-xKwG5lWpWvdALt_b8yoC2e1taidUvEp3M8Qy88jESOOcC75lgXQUmfViIQEIsITtCzc4bHaOMTqL08%3D&ppt=None&ppn=None&ssid=vhw5r1tzi80000001741790479790&qH=12daa41359850f83
23,PUMA,SkateCat Ride Sneakers For Men,₹950,4.1,858 ratings and 52 reviews,https://www.flipkart.com/puma-skatecat-ride-sneakers-men/p/itmb140552d2c714?pid=SHOH33SEYV9ZHNX6&lid=LSTSHOH33SEYV9ZHNX6FCUVKA&marketplace=FLIPKART&q=puma+shoes&store=osp&srno=s_3_110&otracker=search&otracker1=search&fm=organic&iid=f24fbec8-856a-4d7d-9133-f0330d7b6c6e.SHOH33SEYV9ZHNX6.SEARCH&ppt=None&ppn=None&ssid=vhw5r1tzi80000001741790479790&qH=12daa41359850f83
24,PUMA,SkateCat Ride Sneakers For Men,"₹2,879",4.1,858 ratings and 52 reviews,https://www.flipkart.com/puma-skatecat-ride-sneakers-men/p/itm4312f59fee0e1?pid=SHOH33SEP4P8R7VZ&lid=LSTSHOH33SEP4P8R7VZV79MLP&marketplace=FLIPKART&q=puma+shoes&store=osp&srno=s_3_116&otracker=search&otracker1=search&fm=organic&iid=f24fbec8-856a-4d7d-9133-f0330d7b6c6e.SHOH33SEP4P8R7VZ.SEARCH&ppt=None&ppn=None&ssid=vhw5r1tzi80000001741790479790&qH=12daa41359850f83
25,PUMA,BMW Motorsport Drift Cat 5 Ultra Motorsport Shoes For Men,"₹5,999",4.3,"1,689 ratings and 166 reviews",https://www.flipkart.com/puma-bmw-motorsport-drift-cat-5-ultra-shoes-men/p/itmfcytwzstvsznj?pid=SHOFCYGKK3YZYZSM&lid=LSTSHOFCYGKK3YZYZSMXLPWA0&marketplace=FLIPKART&q=puma+shoes&store=osp&srno=s_3_118&otracker=search&otracker1=search&fm=organic&iid=en_liNhKmr-NUAMpGsmqmaK8IiUOFO6-xKwG5lWpWvdALtTapNruiXRGjD4-V7myDuIAYEP1Pmi57ACg_NBFZP30mVkv0XZFiOX7bbXdlao_f8%3D&ppt=None&ppn=None&ssid=vhw5r1tzi80000001741790479790&qH=12daa41359850f83
26,PUMA,Puma Mile on Running Shoes For Men,"₹1,595",4.2,"1,171 ratings and 90 reviews",https://www.flipkart.com/puma-mile-running-shoes-men/p/itm90f6c98921648?pid=SHOGUTXZ82T4RH74&lid=LSTSHOGUTXZ82T4RH74VRROEQ&marketplace=FLIPKART&q=puma+shoes&store=osp&srno=s_4_125&otracker=search&otracker1=search&fm=organic&iid=c3de968b-7fcb-4f65-a96f-ce62f3c7e857.SHOGUTXZ82T4RH74.SEARCH&ppt=None&ppn=None&ssid=mjnv5bbz6o0000001741790484780&qH=12daa41359850f83
27,PUMA,CyclonitePro Res Running Shoes For Men,"₹3,040",4.2,"1,867 ratings and 151 reviews",https://www.flipkart.com/puma-cyclonitepro-res-running-shoes-men/p/itm9e144f6f801c7?pid=SHOHFYRGGHZNMWPR&lid=LSTSHOHFYRGGHZNMWPRCQNMXL&marketplace=FLIPKART&q=puma+shoes&store=osp&srno=s_4_130&otracker=search&otracker1=search&fm=organic&iid=c3de968b-7fcb-4f65-a96f-ce62f3c7e857.SHOHFYRGGHZNMWPR.SEARCH&ppt=None&ppn=None&ssid=mjnv5bbz6o0000001741790484780&qH=12daa41359850f83
28,PUMA,Zod Runner V3 Wn s IDP Sneakers For Women,"₹1,900",4.3,"25,521 ratings and 2,191 reviews",https://www.flipkart.com/puma-zod-runner-v3-wn-s-idp-sneakers-women/p/itmfb116985c5c62?pid=SHOFUFGRQZGTST6G&lid=LSTSHOFUFGRQZGTST6GXE6DAN&marketplace=FLIPKART&q=puma+shoes&store=osp&srno=s_4_136&otracker=search&otracker1=search&fm=organic&iid=c3de968b-7fcb-4f65-a96f-ce62f3c7e857.SHOFUFGRQZGTST6G.SEARCH&ppt=None&ppn=None&ssid=mjnv5bbz6o0000001741790484780&qH=12daa41359850f83
29,ADIDAS,GlideEase M Running Shoes For Men,"₹1,514",4.1,"46,212 ratings and 3,421 reviews",https://www.flipkart.com/adidas-glideease-m-running-shoes-men/p/itmc8340026ad1b5?pid=SHOGFFYSJCVPUCZC&lid=LSTSHOGFFYSJCVPUCZCVKLB6Z&marketplace=FLIPKART&q=puma+shoes&store=osp&srno=s_4_137&otracker=search&otracker1=search&fm=organic&iid=en_n5P1C-8O0GUax2q31PqkwxxQJ26IXE6xxLMGM88csS9lhclZKlNPIYNeFT_5mZfySN-lKwjwgraD53kB-vLGKA%3D%3D&ppt=None&ppn=None&ssid=mjnv5bbz6o0000001741790484780&qH=12daa41359850f83
30,PUMA,Coarse Sneakers For Men,"₹2,799",4.1,"5,983 ratings and 349 reviews",https://www.flipkart.com/puma-coarse-sneakers-men/p/itm3e0d4449877d8?pid=SHOGMYD2GNHG3HNW&lid=LSTSHOGMYD2GNHG3HNWQTGRZC&marketplace=FLIPKART&q=puma+shoes&store=osp&srno=s_4_141&otracker=search&otracker1=search&fm=organic&iid=en_n5P1C-8O0GUax2q31PqkwxxQJ26IXE6xxLMGM88csS9-qmb_wRz3a2h2ER2I8boSTWUxhNJvYoh4Fkg6-c_T8A%3D%3D&ppt=None&ppn=None&ssid=mjnv5bbz6o0000001741790484780&qH=12daa41359850f83
31,PUMA,Puma Levyrun IDP Running Shoes For Men,"₹2,280",4.1,230 ratings and 15 reviews,https://www.flipkart.com/puma-levyrun-idp-running-shoes-men/p/itmb6633521c4e13?pid=SHOGQAZDEKSAXJ2N&lid=LSTSHOGQAZDEKSAXJ2NDAT9TO&marketplace=FLIPKART&q=puma+shoes&store=osp&srno=s_4_150&otracker=search&otracker1=search&fm=organic&iid=c3de968b-7fcb-4f65-a96f-ce62f3c7e857.SHOGQAZDEKSAXJ2N.SEARCH&ppt=None&ppn=None&ssid=mjnv5bbz6o0000001741790484780&qH=12daa41359850f83
32,PUMA,Dexster Slip On IDP Sneakers For Men,"₹1,520",3.8,"3,405 ratings and 230 reviews",https://www.flipkart.com/puma-dexster-slip-idp-sneakers-men/p/itma98de92b2cc38?pid=SHOFNU2WJUR8VMUP&lid=LSTSHOFNU2WJUR8VMUPMYSAPB&marketplace=FLIPKART&q=puma+shoes&store=osp&srno=s_4_153&otracker=search&otracker1=search&fm=organic&iid=c3de968b-7fcb-4f65-a96f-ce62f3c7e857.SHOFNU2WJUR8VMUP.SEARCH&ppt=None&ppn=None&ssid=mjnv5bbz6o0000001741790484780&qH=12daa41359850f83
33,REEBOK,Glory Sneakers For Men,"₹1,455",4.2,"6,104 ratings and 416 reviews",https://www.flipkart.com/puma-glory-sneakers-men/p/itm3c9ce144bb06c?pid=SHOG8VF7YHHZDTVW&lid=LSTSHOG8VF7YHHZDTVWD62XGY&marketplace=FLIPKART&q=puma+shoes&store=osp&srno=s_4_160&otracker=search&otracker1=search&fm=organic&iid=c3de968b-7fcb-4f65-a96f-ce62f3c7e857.SHOG8VF7YHHZDTVW.SEARCH&ppt=None&ppn=None&ssid=mjnv5bbz6o0000001741790484780&qH=12daa41359850f83
34,PUMA,Rungryp Running Shoes For Men,"₹1,007",4.1,"42,556 ratings and 2,789 reviews",https://www.flipkart.com/puma-rungryp-running-shoes-men/p/itmb51dba70b88f1?pid=SHOHFYRGJXVXGEAH&lid=LSTSHOHFYRGJXVXGEAHME58HQ&marketplace=FLIPKART&q=puma+shoes&store=osp&srno=s_5_164&otracker=search&otracker1=search&fm=organic&iid=edf01bf9-c1a3-4641-bf49-f20a0492222c.SHOHFYRGJXVXGEAH.SEARCH&ppt=None&ppn=None&ssid=1reco2uu9c0000001741790489710&qH=12daa41359850f83
35,PUMA,SkateCat Pro Sneakers For Men,"₹1,444",4.1,"1,964 ratings and 147 reviews",https://www.flipkart.com/puma-skatecat-pro-sneakers-men/p/itmd6ff7e01a68e8?pid=SHOH33SEYH86SQ5A&lid=LSTSHOH33SEYH86SQ5A1QOCX3&marketplace=FLIPKART&q=puma+shoes&store=osp&srno=s_5_165&otracker=search&otracker1=search&fm=organic&iid=edf01bf9-c1a3-4641-bf49-f20a0492222c.SHOH33SEYH86SQ5A.SEARCH&ppt=None&ppn=None&ssid=1reco2uu9c0000001741790489710&qH=12daa41359850f83
36,PUMA,Puma Static Casuals For Men,"₹1,160",4,"3,119 ratings and 152 reviews",https://www.flipkart.com/puma-static-casuals-men/p/itmc8a13ad8c209a?pid=SHOGQAN7GZ5GKTJK&lid=LSTSHOGQAN7GZ5GKTJKZXP1B4&marketplace=FLIPKART&q=puma+shoes&store=osp&srno=s_5_169&otracker=search&otracker1=search&fm=organic&iid=edf01bf9-c1a3-4641-bf49-f20a0492222c.SHOGQAN7GZ5GKTJK.SEARCH&ppt=None&ppn=None&ssid=1reco2uu9c0000001741790489710&qH=12daa41359850f83
37,PUMA,NovaRush Casuals For Men,"₹1,007",4.1,71 ratings and 6 reviews,https://www.flipkart.com/puma-novarush-casuals-men/p/itm227a342292342?pid=SHOHFYRGRGGHJFTV&lid=LSTSHOHFYRGRGGHJFTVPWRDEX&marketplace=FLIPKART&q=puma+shoes&store=osp&srno=s_5_174&otracker=search&otracker1=search&fm=organic&iid=edf01bf9-c1a3-4641-bf49-f20a0492222c.SHOHFYRGRGGHJFTV.SEARCH&ppt=None&ppn=None&ssid=1reco2uu9c0000001741790489710&qH=12daa41359850f83
38,ADIDAS,GlideEase M Running Shoes For Men,"₹1,514",4.1,"46,212 ratings and 3,421 reviews",https://www.flipkart.com/adidas-glideease-m-running-shoes-men/p/itmc8340026ad1b5?pid=SHOGFFYSJCVPUCZC&lid=LSTSHOGFFYSJCVPUCZCVKLB6Z&marketplace=FLIPKART&q=puma+shoes&store=osp&srno=s_5_177&otracker=search&otracker1=search&fm=organic&iid=en_YJSFrbfw_9fD3JF7EFjoFaZ2THeVwOFecE-EuPDu-fMM0fMUtEhzbKSoDKEOfHuuSN-lKwjwgraD53kB-vLGKA%3D%3D&ppt=None&ppn=None&ssid=1reco2uu9c0000001741790489710&qH=12daa41359850f83
39,PUMA,Coarse Sneakers For Men,"₹2,799",4.1,"5,983 ratings and 349 reviews",https://www.flipkart.com/puma-coarse-sneakers-men/p/itm3e0d4449877d8?pid=SHOGMYD2GNHG3HNW&lid=LSTSHOGMYD2GNHG3HNWQTGRZC&marketplace=FLIPKART&q=puma+shoes&store=osp&srno=s_5_181&otracker=search&otracker1=search&fm=organic&iid=en_YJSFrbfw_9fD3JF7EFjoFaZ2THeVwOFecE-EuPDu-fO733HY0Yq9-6Iz-srAgOnKTWUxhNJvYoh4Fkg6-c_T8A%3D%3D&ppt=None&ppn=None&ssid=1reco2uu9c0000001741790489710&qH=12daa41359850f83
40,PUMA,Puma Humble IDP Sneakers For Men,"₹1,180",4,"4,333 ratings and 331 reviews",https://www.flipkart.com/puma-humble-idp-sneakers-men/p/itmc2d8d318cbb34?pid=SHOG5352H7QMQKWA&lid=LSTSHOG5352H7QMQKWAQ4CRZK&marketplace=FLIPKART&q=puma+shoes&store=osp&srno=s_5_186&otracker=search&otracker1=search&fm=organic&iid=edf01bf9-c1a3-4641-bf49-f20a0492222c.SHOG5352H7QMQKWA.SEARCH&ppt=None&ppn=None&ssid=1reco2uu9c0000001741790489710&qH=12daa41359850f83
41,PUMA,Hustle V2 IDP Casuals For Men,"₹1,320",4.1,"1,73,083 ratings and 13,793 reviews",https://www.flipkart.com/puma-hustle-v2-idp-casuals-men/p/itm0a2e21e25e27c?pid=SHOG4JEYNZSDJFFT&lid=LSTSHOG4JEYNZSDJFFTUKY6CQ&marketplace=FLIPKART&q=puma+shoes&store=osp&srno=s_5_189&otracker=search&otracker1=search&fm=organic&iid=edf01bf9-c1a3-4641-bf49-f20a0492222c.SHOG4JEYNZSDJFFT.SEARCH&ppt=None&ppn=None&ssid=1reco2uu9c0000001741790489710&qH=12daa41359850f83
42,PUMA,Puma knit V3 Sneakers For Men,"₹4,499",4.1,"4,911 ratings and 304 reviews",https://www.flipkart.com/puma-knit-v3-sneakers-men/p/itmab52b4a12bde4?pid=SHOGDRGNHF9WPHD8&lid=LSTSHOGDRGNHF9WPHD8KU7XTR&marketplace=FLIPKART&q=puma+shoes&store=osp&srno=s_5_194&otracker=search&otracker1=search&fm=organic&iid=edf01bf9-c1a3-4641-bf49-f20a0492222c.SHOGDRGNHF9WPHD8.SEARCH&ppt=None&ppn=None&ssid=1reco2uu9c0000001741790489710&qH=12daa41359850f83
43,PUMA,Cricket Scorer Cricket Shoes For Men,"₹1,007",4,177 ratings and 8 reviews,https://www.flipkart.com/puma-cricket-scorer-shoes-men/p/itmcd9bdccad130b?pid=SHOH33SET8ZHSWED&lid=LSTSHOH33SET8ZHSWEDPFOTBG&marketplace=FLIPKART&q=puma+shoes&store=osp&srno=s_6_203&otracker=search&otracker1=search&fm=organic&iid=ec2b3887-ec3a-4ecf-a850-d6bbb80cc7ff.SHOH33SET8ZHSWED.SEARCH&ppt=None&ppn=None&ssid=jxndycxfu80000001741790494758&qH=12daa41359850f83
44,PUMA,X-Ray Declan One8 Sneakers For Men,"₹1,900",4.1,"1,040 ratings and 38 reviews",https://www.flipkart.com/puma-x-ray-declan-one8-sneakers-men/p/itmae61228fea53d?pid=SHOGYFGQZTZYZGXW&lid=LSTSHOGYFGQZTZYZGXWF79ODF&marketplace=FLIPKART&q=puma+shoes&store=osp&srno=s_6_205&otracker=search&otracker1=search&fm=organic&iid=ec2b3887-ec3a-4ecf-a850-d6bbb80cc7ff.SHOGYFGQZTZYZGXW.SEARCH&ppt=None&ppn=None&ssid=jxndycxfu80000001741790494758&qH=12daa41359850f83
45,PUMA,Puma Ultragrip Walking Shoes For Men,"₹2,080",4.1,"2,895 ratings and 163 reviews",https://www.flipkart.com/puma-ultragrip-walking-shoes-men/p/itm2e4368a89b90d?pid=SHOGUTYC6M7JYUGZ&lid=LSTSHOGUTYC6M7JYUGZDAOPAQ&marketplace=FLIPKART&q=puma+shoes&store=osp&srno=s_6_212&otracker=search&otracker1=search&fm=organic&iid=en_uynjrXCFR91qkjKL2ptyu6DglAbqA35LAtMsss86mWpgdJxdDcBkJOidPnaQlq1FGnRd00RgX9D2S4ZTdktzuw%3D%3D&ppt=None&ppn=None&ssid=jxndycxfu80000001741790494758&qH=12daa41359850f83
46,PUMA,Chunky & Fashionable Sneaker | Running Shoes with Rubber Outsole Sneakers For Men,"₹1,007",No Rating,9 ratings and 0 reviews,https://www.flipkart.com/pamaba-chunky-fashionable-sneaker-running-shoes-rubber-outsole-sneakers-men/p/itmfe844c4ad3c9b?pid=SHOH586GPJQ9ZFU3&lid=LSTSHOH586GPJQ9ZFU3RHRTRE&marketplace=FLIPKART&q=puma+shoes&store=osp&srno=s_6_214&otracker=search&otracker1=search&fm=organic&iid=ec2b3887-ec3a-4ecf-a850-d6bbb80cc7ff.SHOH586GPJQ9ZFU3.SEARCH&ppt=None&ppn=None&ssid=jxndycxfu80000001741790494758&qH=12daa41359850f83
47,PUMA,Rungryp Sneakers For Men,"₹1,650",4.1,"42,556 ratings and 2,789 reviews",https://www.flipkart.com/puma-rungryp-sneakers-men/p/itm7b4744135bc9c?pid=SHOGQAZDXZPJHYP9&lid=LSTSHOGQAZDXZPJHYP95FZQQ5&marketplace=FLIPKART&q=puma+shoes&store=osp&srno=s_6_217&otracker=search&otracker1=search&fm=organic&iid=en_uynjrXCFR91qkjKL2ptyu6DglAbqA35LAtMsss86mWqFTIRvguaIIi3tDB38lF-XV7FwxLZN5lNwT4HdckkdFg%3D%3D&ppt=None&ppn=None&ssid=jxndycxfu80000001741790494758&qH=12daa41359850f83
48,PUMA,GlideEase M Running Shoes For Men,"₹1,850",4.1,"46,212 ratings and 3,421 reviews",https://www.flipkart.com/adidas-glideease-m-running-shoes-men/p/itmc8340026ad1b5?pid=SHOGFFYSJCVPUCZC&lid=LSTSHOGFFYSJCVPUCZCVKLB6Z&marketplace=FLIPKART&q=puma+shoes&store=osp&srno=s_6_227&otracker=search&otracker1=search&fm=organic&iid=en_uynjrXCFR91qkjKL2ptyu6DglAbqA35LAtMsss86mWp4ICjhemSspVcji0Bh5dpYgTvtf1AKCAb3vcEJ-bcu104IsYyWu-Pj9cxFjFAoaLk%3D&ppt=None&ppn=None&ssid=jxndycxfu80000001741790494758&qH=12daa41359850f83
49,PUMA,SkateCat Pro Sneakers For Men,"₹2,090",4.1,"1,964 ratings and 147 reviews",https://www.flipkart.com/puma-skatecat-pro-sneakers-men/p/itmd6ff7e01a68e8?pid=SHOH33SEYH86SQ5A&lid=LSTSHOH33SEYH86SQ5A1QOCX3&marketplace=FLIPKART&q=puma+shoes&store=osp&srno=s_6_230&otracker=search&otracker1=search&fm=organic&iid=ec2b3887-ec3a-4ecf-a850-d6bbb80cc7ff.SHOH33SEYH86SQ5A.SEARCH&ppt=None&ppn=None&ssid=jxndycxfu80000001741790494758&qH=12daa41359850f83
50,PUMA,Smooth Walk Training & Gym Shoes For Men,"₹1,569",4.2,"3,483 ratings and 227 reviews",https://www.flipkart.com/puma-smooth-walk-training-gym-shoes-men/p/itm45f67596cbb49?pid=SHOGGQCYS2ZGP8J5&lid=LSTSHOGGQCYS2ZGP8J5OCHT7X&marketplace=FLIPKART&q=puma+shoes&store=osp&srno=s_6_233&otracker=search&otracker1=search&fm=organic&iid=ec2b3887-ec3a-4ecf-a850-d6bbb80cc7ff.SHOGGQCYS2ZGP8J5.SEARCH&ppt=None&ppn=None&ssid=jxndycxfu80000001741790494758&qH=12daa41359850f83
51,PUMA,Graviton Casuals For Men,"₹1,845",4.3,"1,341 ratings and 77 reviews",https://www.flipkart.com/puma-graviton-casuals-men/p/itm49474492a2748?pid=SHOHFYR4CQVXXHYX&lid=LSTSHOHFYR4CQVXXHYXCGJSJO&marketplace=FLIPKART&q=puma+shoes&store=osp&srno=s_6_239&otracker=search&otracker1=search&fm=organic&iid=ec2b3887-ec3a-4ecf-a850-d6bbb80cc7ff.SHOHFYR4CQVXXHYX.SEARCH&ppt=None&ppn=None&ssid=jxndycxfu80000001741790494758&qH=12daa41359850f83
52,PUMA,Dwane IDP Casuals For Men,"₹1,007",4.2,"1,10,177 ratings and 11,365 reviews",https://www.flipkart.com/puma-dwane-idp-casuals-men/p/itmfhusexszywwkc?pid=SHOFHURJVE2GBXHH&lid=LSTSHOFHURJVE2GBXHHYGGLCE&marketplace=FLIPKART&q=puma+shoes&store=osp&srno=s_7_243&otracker=search&otracker1=search&fm=organic&iid=0b03411f-a3f6-4260-8669-ea65ec6718ce.SHOFHURJVE2GBXHH.SEARCH&ppt=None&ppn=None&ssid=ooc9uroxj40000001741790499982&qH=12daa41359850f83
53,PUMA,Rungryp Sneakers For Men,"₹2,850",4.1,"42,556 ratings and 2,789 reviews",https://www.flipkart.com/puma-rungryp-sneakers-men/p/itm7b4744135bc9c?pid=SHOGQAZDXZPJHYP9&lid=LSTSHOGQAZDXZPJHYP95FZQQ5&marketplace=FLIPKART&q=puma+shoes&store=osp&srno=s_7_247&otracker=search&otracker1=search&fm=organic&iid=en_ycmHYUOOBhsYMhIZz3ucSmyII5L3Ayz7K_5IXS2h6w9ATbKcBKLVQU6pJ_aKiQdgcRSvD5axvYLUVM3Vq5rLBA%3D%3D&ppt=None&ppn=None&ssid=ooc9uroxj40000001741790499982&qH=12daa41359850f83
54,PUMA,SkateCat Pro Sneakers For Men,"₹1,406",4.1,"1,964 ratings and 147 reviews",https://www.flipkart.com/puma-skatecat-pro-sneakers-men/p/itmcae6f99688695?pid=SHOH33SEYBNDNFBD&lid=LSTSHOH33SEYBNDNFBDBCOCN0&marketplace=FLIPKART&q=puma+shoes&store=osp&srno=s_7_249&otracker=search&otracker1=search&fm=organic&iid=0b03411f-a3f6-4260-8669-ea65ec6718ce.SHOH33SEYBNDNFBD.SEARCH&ppt=None&ppn=None&ssid=ooc9uroxj40000001741790499982&qH=12daa41359850f83
55,Stylelure,Turboglide Running Shoes For Women,₹699,4.2,131 ratings and 3 reviews,https://www.flipkart.com/puma-turboglide-running-shoes-women/p/itmda0071c15cce1?pid=SHOHFZM3CPBJJXPH&lid=LSTSHOHFZM3CPBJJXPHV7Q1BO&marketplace=FLIPKART&q=puma+shoes&store=osp&srno=s_7_254&otracker=search&otracker1=search&fm=organic&iid=0b03411f-a3f6-4260-8669-ea65ec6718ce.SHOHFZM3CPBJJXPH.SEARCH&ppt=None&ppn=None&ssid=ooc9uroxj40000001741790499982&qH=12daa41359850f83
56,ADIDAS,GlideEase M Running Shoes For Men,"₹1,514",4.1,"46,212 ratings and 3,421 reviews",https://www.flipkart.com/adidas-glideease-m-running-shoes-men/p/itmc8340026ad1b5?pid=SHOGFFYSJCVPUCZC&lid=LSTSHOGFFYSJCVPUCZCVKLB6Z&marketplace=FLIPKART&q=puma+shoes&store=osp&srno=s_7_257&otracker=search&otracker1=search&fm=organic&iid=en_ycmHYUOOBhsYMhIZz3ucSmyII5L3Ayz7K_5IXS2h6w8mw7gKipEVED1EtzWMSPfjSN-lKwjwgraD53kB-vLGKA%3D%3D&ppt=None&ppn=None&ssid=ooc9uroxj40000001741790499982&qH=12daa41359850f83
57,PUMA,Coarse Sneakers For Men,"₹2,799",4.1,"5,983 ratings and 349 reviews",https://www.flipkart.com/puma-coarse-sneakers-men/p/itm3e0d4449877d8?pid=SHOGMYD2GNHG3HNW&lid=LSTSHOGMYD2GNHG3HNWQTGRZC&marketplace=FLIPKART&q=puma+shoes&store=osp&srno=s_7_261&otracker=search&otracker1=search&fm=organic&iid=en_ycmHYUOOBhsYMhIZz3ucSmyII5L3Ayz7K_5IXS2h6w9Cvtiav_zFCaKk6gzzYQdCTWUxhNJvYoh4Fkg6-c_T8A%3D%3D&ppt=None&ppn=None&ssid=ooc9uroxj40000001741790499982&qH=12daa41359850f83
58,PUMA,Softride Alexandria Wns Walking Shoes For Women,"₹4,499",4.3,22 ratings and 2 reviews,https://www.flipkart.com/puma-softride-alexandria-wns-walking-shoes-women/p/itm92041bf434e02?pid=SHOH33SD4PZQCTFP&lid=LSTSHOH33SD4PZQCTFPEE0RIX&marketplace=FLIPKART&q=puma+shoes&store=osp&srno=s_7_266&otracker=search&otracker1=search&fm=organic&iid=0b03411f-a3f6-4260-8669-ea65ec6718ce.SHOH33SD4PZQCTFP.SEARCH&ppt=None&ppn=None&ssid=ooc9uroxj40000001741790499982&qH=12daa41359850f83
59,PUMA,BMW Motorsport Drift Cat 5 Ultra Motorsport Shoes For Men,"₹2,779",4.3,"1,689 ratings and 166 reviews",https://www.flipkart.com/puma-bmw-motorsport-drift-cat-5-ultra-shoes-men/p/itmfcytwzstvsznj?pid=SHOFCYGKK3YZYZSM&lid=LSTSHOFCYGKK3YZYZSMXLPWA0&marketplace=FLIPKART&q=puma+shoes&store=osp&srno=s_7_271&otracker=search&otracker1=search&fm=organic&iid=en_ycmHYUOOBhsYMhIZz3ucSmyII5L3Ayz7K_5IXS2h6w8MtEOriM32fsPI-TVhwf9aAYEP1Pmi57ACg_NBFZP30kKsf8s6I2Oz2HOgbXTo_9U%3D&ppt=None&ppn=None&ssid=ooc9uroxj40000001741790499982&qH=12daa41359850f83
60,PUMA,Chunky & Fashionable Sneaker | Running Shoes with Rubber Outsole Sneakers For Men,"₹1,520",3.8,31 ratings and 2 reviews,https://www.flipkart.com/flexfit-chunky-fashionable-sneaker-running-shoes-rubber-outsole-sneakers-men/p/itmda3e2656f068b?pid=SHOH4T9REGS9GTKG&lid=LSTSHOH4T9REGS9GTKG3YJJCZ&marketplace=FLIPKART&q=puma+shoes&store=osp&srno=s_7_274&otracker=search&otracker1=search&fm=organic&iid=0b03411f-a3f6-4260-8669-ea65ec6718ce.SHOH4T9REGS9GTKG.SEARCH&ppt=None&ppn=None&ssid=ooc9uroxj40000001741790499982&qH=12daa41359850f83
61,PUMA,Puma Buzz Wmn Running Shoes For Women,"₹1,007",4.3,"7,400 ratings and 468 reviews",https://www.flipkart.com/puma-buzz-wmn-running-shoes-women/p/itm0a5f55f1c9271?pid=SHOGGEYGG5VGFHGM&lid=LSTSHOGGEYGG5VGFHGMUS32CS&marketplace=FLIPKART&q=puma+shoes&store=osp&srno=s_8_283&otracker=search&otracker1=search&fm=organic&iid=5dbb15a9-ceb9-408a-bde7-dedca930b5c0.SHOGGEYGG5VGFHGM.SEARCH&ppt=None&ppn=None&ssid=2e82ajxf3k0000001741790505421&qH=12daa41359850f83
62,PUMA,Robust Knit Running Shoes For Men,"₹1,350",4.1,"1,097 ratings and 66 reviews",https://www.flipkart.com/puma-robust-knit-running-shoes-men/p/itm7aca757be920f?pid=SHOGAB2ZHXV8YJ3B&lid=LSTSHOGAB2ZHXV8YJ3BNQPDTX&marketplace=FLIPKART&q=puma+shoes&store=osp&srno=s_8_285&otracker=search&otracker1=search&fm=organic&iid=5dbb15a9-ceb9-408a-bde7-dedca930b5c0.SHOGAB2ZHXV8YJ3B.SEARCH&ppt=None&ppn=None&ssid=2e82ajxf3k0000001741790505421&qH=12daa41359850f83
63,PUMA,Rungryp Sneakers For Men,"₹1,520",4.1,"42,556 ratings and 2,789 reviews",https://www.flipkart.com/puma-rungryp-sneakers-men/p/itm7b4744135bc9c?pid=SHOGQAZDXZPJHYP9&lid=LSTSHOGQAZDXZPJHYP95FZQQ5&marketplace=FLIPKART&q=puma+shoes&store=osp&srno=s_8_291&otracker=search&otracker1=search&fm=organic&iid=en_-2pPvyFzdukSQlnTDTWATS3mC1HprOAPioSjGRibDhNqbFOP6lD55k78SdyWjDa1uJDG7NrC-v-0xDE5LF-7OA%3D%3D&ppt=None&ppn=None&ssid=2e82ajxf3k0000001741790505421&qH=12daa41359850f83
64,PUMA,Puma Levyrun IDP Running Shoes For Men,"₹1,466",3.8,69 ratings and 4 reviews,https://www.flipkart.com/puma-levyrun-idp-running-shoes-men/p/itm45a57fbacea66?pid=SHOGQAZDFFCHVQYZ&lid=LSTSHOGQAZDFFCHVQYZ9I4WKC&marketplace=FLIPKART&q=puma+shoes&store=osp&srno=s_8_293&otracker=search&otracker1=search&fm=organic&iid=5dbb15a9-ceb9-408a-bde7-dedca930b5c0.SHOGQAZDFFCHVQYZ.SEARCH&ppt=None&ppn=None&ssid=2e82ajxf3k0000001741790505421&qH=12daa41359850f83
65,PUMA,Coarse Sneakers For Men,"₹2,280",4.1,"5,983 ratings and 349 reviews",https://www.flipkart.com/puma-coarse-sneakers-men/p/itm3e0d4449877d8?pid=SHOGMYD2GNHG3HNW&lid=LSTSHOGMYD2GNHG3HNWQTGRZC&marketplace=FLIPKART&q=puma+shoes&store=osp&srno=s_8_298&otracker=search&otracker1=search&fm=organic&iid=en_-2pPvyFzdukSQlnTDTWATS3mC1HprOAPioSjGRibDhMoy4H_d0IlXJnvT4QRik17TWUxhNJvYoh4Fkg6-c_T8A%3D%3D&ppt=None&ppn=None&ssid=2e82ajxf3k0000001741790505421&qH=12daa41359850f83
66,PUMA,PUMA Grasp Walking Shoes For Men,"₹3,719",3.8,"1,466 ratings and 82 reviews",https://www.flipkart.com/puma-grasp-walking-shoes-men/p/itmbfb2194a87c5f?pid=SHOGH3GVGKF3JFDA&lid=LSTSHOGH3GVGKF3JFDAX2O0LR&marketplace=FLIPKART&q=puma+shoes&store=osp&srno=s_8_304&otracker=search&otracker1=search&fm=organic&iid=5dbb15a9-ceb9-408a-bde7-dedca930b5c0.SHOGH3GVGKF3JFDA.SEARCH&ppt=None&ppn=None&ssid=2e82ajxf3k0000001741790505421&qH=12daa41359850f83
67,PUMA,BMW Motorsport Drift Cat 5 Ultra Motorsport Shoes For Men,"₹1,485",4.3,"1,689 ratings and 166 reviews",https://www.flipkart.com/puma-bmw-motorsport-drift-cat-5-ultra-shoes-men/p/itmfcytwzstvsznj?pid=SHOFCYGKK3YZYZSM&lid=LSTSHOFCYGKK3YZYZSMXLPWA0&marketplace=FLIPKART&q=puma+shoes&store=osp&srno=s_8_308&otracker=search&otracker1=search&fm=organic&iid=en_-2pPvyFzdukSQlnTDTWATS3mC1HprOAPioSjGRibDhOrtJwaxFK0UlLfOpaI6J96AYEP1Pmi57ACg_NBFZP30kKsf8s6I2Oz2HOgbXTo_9U%3D&ppt=None&ppn=None&ssid=2e82ajxf3k0000001741790505421&qH=12daa41359850f83
68,PUMA,Lazer Evo IDP Walking Shoes For Men,₹977,4.1,"3,228 ratings and 237 reviews",https://www.flipkart.com/puma-lazer-evo-idp-walking-shoes-men/p/itmfd879tuwqzzu6?pid=SHOFD86W7G9QRTFZ&lid=LSTSHOFD86W7G9QRTFZG7U9IR&marketplace=FLIPKART&q=puma+shoes&store=osp&srno=s_8_309&otracker=search&otracker1=search&fm=organic&iid=5dbb15a9-ceb9-408a-bde7-dedca930b5c0.SHOFD86W7G9QRTFZ.SEARCH&ppt=None&ppn=None&ssid=2e82ajxf3k0000001741790505421&qH=12daa41359850f83
69,ADIDAS,GlideEase M Running Shoes For Men,"₹1,514",4.1,"46,212 ratings and 3,421 reviews",https://www.flipkart.com/adidas-glideease-m-running-shoes-men/p/itmc8340026ad1b5?pid=SHOGFFYSJCVPUCZC&lid=LSTSHOGFFYSJCVPUCZCVKLB6Z&marketplace=FLIPKART&q=puma+shoes&store=osp&srno=s_8_317&otracker=search&otracker1=search&fm=organic&iid=en_-2pPvyFzdukSQlnTDTWATS3mC1HprOAPioSjGRibDhOnfqXjm_t6HsJk1Z7PBrUKgTvtf1AKCAb3vcEJ-bcu14nfEY2D5bWfIUmTlXs_oiU%3D&ppt=None&ppn=None&ssid=2e82ajxf3k0000001741790505421&qH=12daa41359850f83
70,PUMA,Coscon Casuals For Men,"₹1,007",3.9,133 ratings and 5 reviews,https://www.flipkart.com/puma-coscon-casuals-men/p/itm0af0853aa4e62?pid=SHOGVZ4DJARNFENS&lid=LSTSHOGVZ4DJARNFENSW2CYMH&marketplace=FLIPKART&q=puma+shoes&store=osp&srno=s_9_323&otracker=search&otracker1=search&fm=organic&iid=a765888a-3180-4751-9f84-e3efb45166ca.SHOGVZ4DJARNFENS.SEARCH&ppt=None&ppn=None&ssid=htyct9568w0000001741790511037&qH=12daa41359850f83
71,PUMA,Club 5v5 Sneakers For Men,"₹2,660",4.2,260 ratings and 18 reviews,https://www.flipkart.com/puma-club-5v5-sneakers-men/p/itmbafde3a92388a?pid=SHOGQAN7NSQY7XTH&lid=LSTSHOGQAN7NSQY7XTHZJJTOW&marketplace=FLIPKART&q=puma+shoes&store=osp&srno=s_9_325&otracker=search&otracker1=search&fm=organic&iid=a765888a-3180-4751-9f84-e3efb45166ca.SHOGQAN7NSQY7XTH.SEARCH&ppt=None&ppn=None&ssid=htyct9568w0000001741790511037&qH=12daa41359850f83
72,Passeo,Chunky & Fashionable Sneaker | Running Shoes with Rubber Outsole Sneakers For Men,₹689,3.5,46 ratings and 3 reviews,https://www.flipkart.com/passeo-chunky-fashionable-sneaker-running-shoes-rubber-outsole-sneakers-men/p/itm7d0e405e708c0?pid=SHOH59Z2JWVTAG82&lid=LSTSHOH59Z2JWVTAG82SJZCDC&marketplace=FLIPKART&q=puma+shoes&store=osp&srno=s_9_329&otracker=search&otracker1=search&fm=organic&iid=a765888a-3180-4751-9f84-e3efb45166ca.SHOH59Z2JWVTAG82.SEARCH&ppt=None&ppn=None&ssid=htyct9568w0000001741790511037&qH=12daa41359850f83
73,PUMA,Puma Dryflex IDP Running Shoes For Men,₹805,3.9,"8,690 ratings and 828 reviews",https://www.flipkart.com/puma-dryflex-idp-running-shoes-men/p/itmdca516a8754f6?pid=SHOFNU2WBBFAGQNS&lid=LSTSHOFNU2WBBFAGQNSSSWARZ&marketplace=FLIPKART&q=puma+shoes&store=osp&srno=s_9_333&otracker=search&otracker1=search&fm=organic&iid=a765888a-3180-4751-9f84-e3efb45166ca.SHOFNU2WBBFAGQNS.SEARCH&ppt=None&ppn=None&ssid=htyct9568w0000001741790511037&qH=12daa41359850f83
74,PUMA,Rungryp Sneakers For Men,"₹1,650",4.1,"42,556 ratings and 2,789 reviews",https://www.flipkart.com/puma-rungryp-sneakers-men/p/itm7b4744135bc9c?pid=SHOGQAZDXZPJHYP9&lid=LSTSHOGQAZDXZPJHYP95FZQQ5&marketplace=FLIPKART&q=puma+shoes&store=osp&srno=s_9_337&otracker=search&otracker1=search&fm=organic&iid=en_6irfpEEhf9lbI9cEg48TPFfkM2N2_LW6tVo3-iT-JarF1kLaZsIQgPZ7CjJ0RpPTV7FwxLZN5lNwT4HdckkdFg%3D%3D&ppt=None&ppn=None&ssid=htyct9568w0000001741790511037&qH=12daa41359850f83
75,PUMA,PUMA DISRIDE Casuals For Men,"₹1,650",4.1,"1,856 ratings and 119 reviews",https://www.flipkart.com/puma-disride-casuals-men/p/itme61bc4b420c05?pid=SHOGHQ8MCUNYHYFW&lid=LSTSHOGHQ8MCUNYHYFW7LDF9N&marketplace=FLIPKART&q=puma+shoes&store=osp&srno=s_9_343&otracker=search&otracker1=search&fm=organic&iid=a765888a-3180-4751-9f84-e3efb45166ca.SHOGHQ8MCUNYHYFW.SEARCH&ppt=None&ppn=None&ssid=htyct9568w0000001741790511037&qH=12daa41359850f83
76,PUMA,SkateCat Ride Sneakers For Men,"₹2,280",4.1,858 ratings and 52 reviews,https://www.flipkart.com/puma-skatecat-ride-sneakers-men/p/itm4312f59fee0e1?pid=SHOH33SEP4P8R7VZ&lid=LSTSHOH33SEP4P8R7VZV79MLP&marketplace=FLIPKART&q=puma+shoes&store=osp&srno=s_9_346&otracker=search&otracker1=search&fm=organic&iid=a765888a-3180-4751-9f84-e3efb45166ca.SHOH33SEP4P8R7VZ.SEARCH&ppt=None&ppn=None&ssid=htyct9568w0000001741790511037&qH=12daa41359850f83
77,PUMA,Coarse Sneakers For Men,"₹3,120",4.1,"5,983 ratings and 349 reviews",https://www.flipkart.com/puma-coarse-sneakers-men/p/itm3e0d4449877d8?pid=SHOGMYD2GNHG3HNW&lid=LSTSHOGMYD2GNHG3HNWQTGRZC&marketplace=FLIPKART&q=puma+shoes&store=osp&srno=s_9_351&otracker=search&otracker1=search&fm=organic&iid=en_6irfpEEhf9lbI9cEg48TPFfkM2N2_LW6tVo3-iT-JaqkF6ptvwL-8AqxrPSj4Fp0y88jESOOcC75lgXQUmfViEKsf8s6I2Oz2HOgbXTo_9U%3D&ppt=None&ppn=None&ssid=htyct9568w0000001741790511037&qH=12daa41359850f83
78,PUMA,Dwane IDP Casuals For Men,"₹1,007",4.2,"1,10,177 ratings and 11,365 reviews",https://www.flipkart.com/puma-dwane-idp-casuals-men/p/itmfhusexszywwkc?pid=SHOFHURJVE2GBXHH&lid=LSTSHOFHURJVE2GBXHHYGGLCE&marketplace=FLIPKART&q=puma+shoes&store=osp&srno=s_10_363&otracker=search&otracker1=search&fm=organic&iid=5eaf2ad8-2f85-4b22-a421-9bec4f5e353c.SHOFHURJVE2GBXHH.SEARCH&ppt=None&ppn=None&ssid=nz756ksu340000001741790516453&qH=12daa41359850f83
79,PUMA,SkateCat Glide Sneakers For Men,"₹1,520",3.8,81 ratings and 3 reviews,https://www.flipkart.com/puma-skatecat-glide-sneakers-men/p/itm69b42c33cd13a?pid=SHOH33SEGFMG648F&lid=LSTSHOH33SEGFMG648FTOAOJ0&marketplace=FLIPKART&q=puma+shoes&store=osp&srno=s_10_369&otracker=search&otracker1=search&fm=organic&iid=5eaf2ad8-2f85-4b22-a421-9bec4f5e353c.SHOH33SEGFMG648F.SEARCH&ppt=None&ppn=None&ssid=nz756ksu340000001741790516453&qH=12daa41359850f83
80,PUMA,Puma Ultragrip Walking Shoes For Men,"₹1,160",4.1,"2,895 ratings and 163 reviews",https://www.flipkart.com/puma-ultragrip-walking-shoes-men/p/itm2e4368a89b90d?pid=SHOGUTYC6M7JYUGZ&lid=LSTSHOGUTYC6M7JYUGZDAOPAQ&marketplace=FLIPKART&q=puma+shoes&store=osp&srno=s_10_377&otracker=search&otracker1=search&fm=organic&iid=en_ejDLYD8m_aNLSr4uNVFmrDnkdIL2jCPfFf5j-SN_MqQNMf4n95dZhkFB5NKNmmdt64z6mnXDdUghqd__cgIuDQ%3D%3D&ppt=None&ppn=None&ssid=nz756ksu340000001741790516453&qH=12daa41359850f83
81,PUMA,Coarse Sneakers For Men,"₹2,280",4.1,"5,983 ratings and 349 reviews",https://www.flipkart.com/puma-coarse-sneakers-men/p/itm3e0d4449877d8?pid=SHOGMYD2GNHG3HNW&lid=LSTSHOGMYD2GNHG3HNWQTGRZC&marketplace=FLIPKART&q=puma+shoes&store=osp&srno=s_10_382&otracker=search&otracker1=search&fm=organic&iid=en_ejDLYD8m_aNLSr4uNVFmrDnkdIL2jCPfFf5j-SN_MqRiWLZWKLmFPTXUZL51vK8yy88jESOOcC75lgXQUmfViIE8waCTrWcncKeK_ydPfoM%3D&ppt=None&ppn=None&ssid=nz756ksu340000001741790516453&qH=12daa41359850f83
82,PUMA,Bazin Running Shoes For Men,"₹1,149",3.7,233 ratings and 9 reviews,https://www.flipkart.com/puma-bazin-running-shoes-men/p/itmea5ab40583a66?pid=SHOGUZFDG3ZFXHQE&lid=LSTSHOGUZFDG3ZFXHQELZ04IR&marketplace=FLIPKART&q=puma+shoes&store=osp&srno=s_10_385&otracker=search&otracker1=search&fm=organic&iid=5eaf2ad8-2f85-4b22-a421-9bec4f5e353c.SHOGUZFDG3ZFXHQE.SEARCH&ppt=None&ppn=None&ssid=nz756ksu340000001741790516453&qH=12daa41359850f83
83,Ifah,Korean Lovely Girl White Korean Sneakers For Women Casuals For Women,₹699,No Rating,No Reviews,https://www.flipkart.com/ifah-korean-lovely-girl-white-sneakers-women-casuals/p/itmab26ed1e01d7b?pid=SHOH7XZAXM2YY9G4&lid=LSTSHOH7XZAXM2YY9G4UWGPSI&marketplace=FLIPKART&q=puma+shoes&store=osp&srno=s_10_389&otracker=search&otracker1=search&fm=organic&iid=5eaf2ad8-2f85-4b22-a421-9bec4f5e353c.SHOH7XZAXM2YY9G4.SEARCH&ppt=None&ppn=None&ssid=nz756ksu340000001741790516453&qH=12daa41359850f83
84,PUMA,Turino II SD Casuals For Men,"₹1,007",4.2,374 ratings and 30 reviews,https://www.flipkart.com/puma-turino-ii-sd-casuals-men/p/itmf369454776328?pid=SHOHFYRCPEXXGCCF&lid=LSTSHOHFYRCPEXXGCCFZ6NIXX&marketplace=FLIPKART&q=puma+shoes&store=osp&srno=s_10_394&otracker=search&otracker1=search&fm=organic&iid=5eaf2ad8-2f85-4b22-a421-9bec4f5e353c.SHOHFYRCPEXXGCCF.SEARCH&ppt=None&ppn=None&ssid=nz756ksu340000001741790516453&qH=12daa41359850f83
85,PUMA,BMW Motorsport Drift Cat 5 Ultra Motorsport Shoes For Men,"₹1,900",4.3,"1,689 ratings and 166 reviews",https://www.flipkart.com/puma-bmw-motorsport-drift-cat-5-ultra-shoes-men/p/itmfcytwzstvsznj?pid=SHOFCYGKK3YZYZSM&lid=LSTSHOFCYGKK3YZYZSMXLPWA0&marketplace=FLIPKART&q=puma+shoes&store=osp&srno=s_10_398&otracker=search&otracker1=search&fm=organic&iid=en_ejDLYD8m_aNLSr4uNVFmrDnkdIL2jCPfFf5j-SN_MqQEXvTDxkeOgE1frrZ7n9H_AYEP1Pmi57ACg_NBFZP30onfEY2D5bWfIUmTlXs_oiU%3D&ppt=None&ppn=None&ssid=nz756ksu340000001741790516453&qH=12daa41359850f83
